Asset,Horizon,Status,Confidence,Summary,Why,MainRisk,WhatToWatch,TrackingCondition,InvalidationCondition,RecheckWhen,DataFreshness,EvidenceStrength,UserPlan,TechnicalEvidenceSummary,AdvancedEvidenceReferences,RealMoneyApproved,OpportunityScore,OpportunityGrade,ClosestToTrackRank,RecheckPriority,BlockReason,ImprovementNeeded,WhyEverythingIsHighRisk,WhyNotTrackYet,PositiveEvidence,NegativeEvidence,WhatMustImprove,WhatUserShouldMonitorNext,NextReviewTrigger,PlainEnglishRiskExplanation,BestCaseScenario,WorstCaseScenario,UserFriendlyNextStep
Gold,1,High Risk,Moderate,Risk warnings dominate the current research evidence.,"One or more severe probability, drawdown, or evidence warnings are active.",The observed research edge may not survive adverse conditions.,"Drawdown, probability reliability, and benchmark deterioration.",Do not elevate while severe risk warnings remain active.,Keep excluded if drawdown or probability warnings remain severe.,At the target outcome date or after the next saved evidence refresh.,Current,60.52,"High Risk: Risk warnings dominate the current research evidence. Watch drawdown, probability reliability, and benchmark deterioration. Recheck at the target outcome date or after the next saved evidence refresh.","3744 evidence row(s); strength 60.5/100; metrics: AffectedRows, ArtifactEvidence, AssetsWithProxyEdge, BestHorizon, BestPolicyOutOfSample, BestPolicyReturnPct, CandidatesTested, Count.",DataFreshness; active_paper_signals_table; allocation_plan_table; artifact_input_source_table; asset_benchmark_table; asset_horizon_benchmark_table; asset_horizon_forward_coverage; asset_horizon_raw_coverage; asset_horizon_regime_table; asset_horizon_risk_matrix; asset_regime_table; benchmark_comparison,False,34.52,F,16,Low,Volatility Risk,Volatility and drawdown behavior must stabilize across repeated evidence windows.,"Many plans are High Risk because risk warnings outweigh opportunity evidence, benchmark support is weak, regimes may be unstable, or data and evidence gaps reduce confidence. The ranking identifies what is closest to research tracking without changing those risk statuses.",It is not stronger yet because volatility risk remains unresolved.,Forecast evidence is directionally constructive.,The main blocker is volatility risk. Volatility and drawdown behavior must stabilize across repeated evidence windows.,Volatility and drawdown behavior must stabilize across repeated evidence windows.,"Realized volatility, drawdown, and whether exposure remains controlled.",Recheck after the next target outcome date or saved evidence refresh.,"The main blocker is volatility risk. Volatility and drawdown behavior must stabilize across repeated evidence windows. The opportunity score ranks research closeness, not investment attractiveness.","Later evidence becomes more consistent, clears its blocker, and supports closer paper research.",Warnings persist or strengthen while forecast and benchmark evidence deteriorate.,"Keep it visible for diagnosis, but do not elevate it while severe warnings dominate."
Gold,5,High Risk,Moderate,Risk warnings dominate the current research evidence.,"One or more severe probability, drawdown, or evidence warnings are active.",The observed research edge may not survive adverse conditions.,"Drawdown, probability reliability, and benchmark deterioration.",Do not elevate while severe risk warnings remain active.,Keep excluded if drawdown or probability warnings remain severe.,At the target outcome date or after the next saved evidence refresh.,Current,61.83,"High Risk: Risk warnings dominate the current research evidence. Watch drawdown, probability reliability, and benchmark deterioration. Recheck at the target outcome date or after the next saved evidence refresh.","3238 evidence row(s); strength 61.8/100; metrics: AffectedRows, ArtifactEvidence, AssetsWithProxyEdge, BestHorizon, BestPolicyOutOfSample, BestPolicyReturnPct, CandidatesTested, Count.",DataFreshness; active_paper_signals_table; allocation_plan_table; artifact_input_source_table; asset_benchmark_table; asset_horizon_benchmark_table; asset_horizon_forward_coverage; asset_horizon_raw_coverage; asset_horizon_regime_table; asset_horizon_risk_matrix; asset_regime_table; benchmark_comparison,False,35.33,D,13,Medium,Volatility Risk,Volatility and drawdown behavior must stabilize across repeated evidence windows.,"Many plans are High Risk because risk warnings outweigh opportunity evidence, benchmark support is weak, regimes may be unstable, or data and evidence gaps reduce confidence. The ranking identifies what is closest to research tracking without changing those risk statuses.",It is not stronger yet because volatility risk remains unresolved.,Forecast evidence is directionally constructive.,The main blocker is volatility risk. Volatility and drawdown behavior must stabilize across repeated evidence windows.,Volatility and drawdown behavior must stabilize across repeated evidence windows.,"Realized volatility, drawdown, and whether exposure remains controlled.",Recheck after the next target outcome date or saved evidence refresh.,"The main blocker is volatility risk. Volatility and drawdown behavior must stabilize across repeated evidence windows. The opportunity score ranks research closeness, not investment attractiveness.","Later evidence becomes more consistent, clears its blocker, and supports closer paper research.",Warnings persist or strengthen while forecast and benchmark evidence deteriorate.,"Keep it visible for diagnosis, but do not elevate it while severe warnings dominate."
Gold,10,High Risk,Moderate,Risk warnings dominate the current research evidence.,"One or more severe probability, drawdown, or evidence warnings are active.",The observed research edge may not survive adverse conditions.,"Drawdown, probability reliability, and benchmark deterioration.",Do not elevate while severe risk warnings remain active.,Keep excluded if drawdown or probability warnings remain severe.,At the target outcome date or after the next saved evidence refresh.,Current,69.63,"High Risk: Risk warnings dominate the current research evidence. Watch drawdown, probability reliability, and benchmark deterioration. Recheck at the target outcome date or after the next saved evidence refresh.","3375 evidence row(s); strength 69.6/100; metrics: AffectedRows, ArtifactEvidence, AssetsWithProxyEdge, BestHorizon, BestPolicyOutOfSample, BestPolicyReturnPct, CandidatesTested, Count.",DataFreshness; active_paper_signals_table; allocation_plan_table; artifact_input_source_table; asset_benchmark_table; asset_horizon_benchmark_table; asset_horizon_forward_coverage; asset_horizon_raw_coverage; asset_horizon_regime_table; asset_horizon_risk_matrix; asset_regime_table; benchmark_comparison,False,40.17,D,4,Medium,Volatility Risk,Volatility and drawdown behavior must stabilize across repeated evidence windows.,"Many plans are High Risk because risk warnings outweigh opportunity evidence, benchmark support is weak, regimes may be unstable, or data and evidence gaps reduce confidence. The ranking identifies what is closest to research tracking without changing those risk statuses.",It is not stronger yet because volatility risk remains unresolved.,Forecast evidence is directionally constructive. Saved evidence coverage is comparatively stronger.,The main blocker is volatility risk. Volatility and drawdown behavior must stabilize across repeated evidence windows.,Volatility and drawdown behavior must stabilize across repeated evidence windows.,"Realized volatility, drawdown, and whether exposure remains controlled.",Recheck after the next target outcome date or saved evidence refresh.,"The main blocker is volatility risk. Volatility and drawdown behavior must stabilize across repeated evidence windows. The opportunity score ranks research closeness, not investment attractiveness.","Later evidence becomes more consistent, clears its blocker, and supports closer paper research.",Warnings persist or strengthen while forecast and benchmark evidence deteriorate.,"Keep it visible for diagnosis, but do not elevate it while severe warnings dominate."
Gold,20,High Risk,Moderate,Risk warnings dominate the current research evidence.,"One or more severe probability, drawdown, or evidence warnings are active.",The observed research edge may not survive adverse conditions.,"Drawdown, probability reliability, and benchmark deterioration.",Do not elevate while severe risk warnings remain active.,Keep excluded if drawdown or probability warnings remain severe.,At the target outcome date or after the next saved evidence refresh.,Current,66.78,"High Risk: Risk warnings dominate the current research evidence. Watch drawdown, probability reliability, and benchmark deterioration. Recheck at the target outcome date or after the next saved evidence refresh.","3165 evidence row(s); strength 66.8/100; metrics: AffectedRows, ArtifactEvidence, AssetsWithProxyEdge, BestHorizon, BestPolicyOutOfSample, BestPolicyReturnPct, CandidatesTested, Count.",DataFreshness; active_paper_signals_table; allocation_plan_table; artifact_input_source_table; asset_benchmark_table; asset_horizon_benchmark_table; asset_horizon_forward_coverage; asset_horizon_raw_coverage; asset_horizon_regime_table; asset_horizon_risk_matrix; asset_regime_table; benchmark_comparison,False,38.4,D,7,Medium,Volatility Risk,Volatility and drawdown behavior must stabilize across repeated evidence windows.,"Many plans are High Risk because risk warnings outweigh opportunity evidence, benchmark support is weak, regimes may be unstable, or data and evidence gaps reduce confidence. The ranking identifies what is closest to research tracking without changing those risk statuses.",It is not stronger yet because volatility risk remains unresolved.,Forecast evidence is directionally constructive. Saved evidence coverage is comparatively stronger.,The main blocker is volatility risk. Volatility and drawdown behavior must stabilize across repeated evidence windows.,Volatility and drawdown behavior must stabilize across repeated evidence windows.,"Realized volatility, drawdown, and whether exposure remains controlled.",Recheck after the next target outcome date or saved evidence refresh.,"The main blocker is volatility risk. Volatility and drawdown behavior must stabilize across repeated evidence windows. The opportunity score ranks research closeness, not investment attractiveness.","Later evidence becomes more consistent, clears its blocker, and supports closer paper research.",Warnings persist or strengthen while forecast and benchmark evidence deteriorate.,"Keep it visible for diagnosis, but do not elevate it while severe warnings dominate."
Gold,30,High Risk,Moderate,Risk warnings dominate the current research evidence.,"One or more severe probability, drawdown, or evidence warnings are active.",The observed research edge may not survive adverse conditions.,"Drawdown, probability reliability, and benchmark deterioration.",Do not elevate while severe risk warnings remain active.,Keep excluded if drawdown or probability warnings remain severe.,At the target outcome date or after the next saved evidence refresh.,Current,69.55,"High Risk: Risk warnings dominate the current research evidence. Watch drawdown, probability reliability, and benchmark deterioration. Recheck at the target outcome date or after the next saved evidence refresh.","3281 evidence row(s); strength 69.6/100; metrics: AffectedRows, ArtifactEvidence, AssetsWithProxyEdge, BestHorizon, BestPolicyOutOfSample, BestPolicyReturnPct, CandidatesTested, Count.",DataFreshness; active_paper_signals_table; allocation_plan_table; artifact_input_source_table; asset_benchmark_table; asset_horizon_benchmark_table; asset_horizon_forward_coverage; asset_horizon_raw_coverage; asset_horizon_regime_table; asset_horizon_risk_matrix; asset_regime_table; benchmark_comparison,False,40.12,D,5,Medium,Volatility Risk,Volatility and drawdown behavior must stabilize across repeated evidence windows.,"Many plans are High Risk because risk warnings outweigh opportunity evidence, benchmark support is weak, regimes may be unstable, or data and evidence gaps reduce confidence. The ranking identifies what is closest to research tracking without changing those risk statuses.",It is not stronger yet because volatility risk remains unresolved.,Forecast evidence is directionally constructive. Saved evidence coverage is comparatively stronger.,The main blocker is volatility risk. Volatility and drawdown behavior must stabilize across repeated evidence windows.,Volatility and drawdown behavior must stabilize across repeated evidence windows.,"Realized volatility, drawdown, and whether exposure remains controlled.",Recheck after the next target outcome date or saved evidence refresh.,"The main blocker is volatility risk. Volatility and drawdown behavior must stabilize across repeated evidence windows. The opportunity score ranks research closeness, not investment attractiveness.","Later evidence becomes more consistent, clears its blocker, and supports closer paper research.",Warnings persist or strengthen while forecast and benchmark evidence deteriorate.,"Keep it visible for diagnosis, but do not elevate it while severe warnings dominate."
Silver,1,High Risk,Moderate,Risk warnings dominate the current research evidence.,"One or more severe probability, drawdown, or evidence warnings are active.",The observed research edge may not survive adverse conditions.,"Drawdown, probability reliability, and benchmark deterioration.",Do not elevate while severe risk warnings remain active.,Keep excluded if drawdown or probability warnings remain severe.,At the target outcome date or after the next saved evidence refresh.,Current,57.23,"High Risk: Risk warnings dominate the current research evidence. Watch drawdown, probability reliability, and benchmark deterioration. Recheck at the target outcome date or after the next saved evidence refresh.","3437 evidence row(s); strength 57.2/100; metrics: AffectedRows, ArtifactEvidence, AssetsWithProxyEdge, BestHorizon, BestPolicyOutOfSample, BestPolicyReturnPct, CandidatesTested, Count.",DataFreshness; active_paper_signals_table; allocation_plan_table; artifact_input_source_table; asset_benchmark_table; asset_horizon_benchmark_table; asset_horizon_forward_coverage; asset_horizon_raw_coverage; asset_horizon_regime_table; asset_horizon_risk_matrix; asset_regime_table; benchmark_comparison,False,32.49,F,21,Low,Volatility Risk,Volatility and drawdown behavior must stabilize across repeated evidence windows.,"Many plans are High Risk because risk warnings outweigh opportunity evidence, benchmark support is weak, regimes may be unstable, or data and evidence gaps reduce confidence. The ranking identifies what is closest to research tracking without changing those risk statuses.",It is not stronger yet because volatility risk remains unresolved.,Forecast evidence is directionally constructive.,The main blocker is volatility risk. Volatility and drawdown behavior must stabilize across repeated evidence windows.,Volatility and drawdown behavior must stabilize across repeated evidence windows.,"Realized volatility, drawdown, and whether exposure remains controlled.",Recheck after the next target outcome date or saved evidence refresh.,"The main blocker is volatility risk. Volatility and drawdown behavior must stabilize across repeated evidence windows. The opportunity score ranks research closeness, not investment attractiveness.","Later evidence becomes more consistent, clears its blocker, and supports closer paper research.",Warnings persist or strengthen while forecast and benchmark evidence deteriorate.,"Keep it visible for diagnosis, but do not elevate it while severe warnings dominate."
Silver,5,High Risk,Moderate,Risk warnings dominate the current research evidence.,"One or more severe probability, drawdown, or evidence warnings are active.",The observed research edge may not survive adverse conditions.,"Drawdown, probability reliability, and benchmark deterioration.",Do not elevate while severe risk warnings remain active.,Keep excluded if drawdown or probability warnings remain severe.,At the target outcome date or after the next saved evidence refresh.,Current,57.06,"High Risk: Risk warnings dominate the current research evidence. Watch drawdown, probability reliability, and benchmark deterioration. Recheck at the target outcome date or after the next saved evidence refresh.","3459 evidence row(s); strength 57.1/100; metrics: AffectedRows, ArtifactEvidence, AssetsWithProxyEdge, BestHorizon, BestPolicyOutOfSample, BestPolicyReturnPct, CandidatesTested, Count.",DataFreshness; active_paper_signals_table; allocation_plan_table; artifact_input_source_table; asset_benchmark_table; asset_horizon_benchmark_table; asset_horizon_forward_coverage; asset_horizon_raw_coverage; asset_horizon_regime_table; asset_horizon_risk_matrix; asset_regime_table; benchmark_comparison,False,32.38,F,22,Low,Volatility Risk,Volatility and drawdown behavior must stabilize across repeated evidence windows.,"Many plans are High Risk because risk warnings outweigh opportunity evidence, benchmark support is weak, regimes may be unstable, or data and evidence gaps reduce confidence. The ranking identifies what is closest to research tracking without changing those risk statuses.",It is not stronger yet because volatility risk remains unresolved.,Forecast evidence is directionally constructive.,The main blocker is volatility risk. Volatility and drawdown behavior must stabilize across repeated evidence windows.,Volatility and drawdown behavior must stabilize across repeated evidence windows.,"Realized volatility, drawdown, and whether exposure remains controlled.",Recheck after the next target outcome date or saved evidence refresh.,"The main blocker is volatility risk. Volatility and drawdown behavior must stabilize across repeated evidence windows. The opportunity score ranks research closeness, not investment attractiveness.","Later evidence becomes more consistent, clears its blocker, and supports closer paper research.",Warnings persist or strengthen while forecast and benchmark evidence deteriorate.,"Keep it visible for diagnosis, but do not elevate it while severe warnings dominate."
Silver,10,High Risk,Moderate,Risk warnings dominate the current research evidence.,"One or more severe probability, drawdown, or evidence warnings are active.",The observed research edge may not survive adverse conditions.,"Drawdown, probability reliability, and benchmark deterioration.",Do not elevate while severe risk warnings remain active.,Keep excluded if drawdown or probability warnings remain severe.,At the target outcome date or after the next saved evidence refresh.,Current,56.72,"High Risk: Risk warnings dominate the current research evidence. Watch drawdown, probability reliability, and benchmark deterioration. Recheck at the target outcome date or after the next saved evidence refresh.","3289 evidence row(s); strength 56.7/100; metrics: AffectedRows, ArtifactEvidence, AssetsWithProxyEdge, BestHorizon, BestPolicyOutOfSample, BestPolicyReturnPct, CandidatesTested, Count.",DataFreshness; active_paper_signals_table; allocation_plan_table; artifact_input_source_table; asset_benchmark_table; asset_horizon_benchmark_table; asset_horizon_forward_coverage; asset_horizon_raw_coverage; asset_horizon_regime_table; asset_horizon_risk_matrix; asset_regime_table; benchmark_comparison,False,32.17,F,23,Low,Volatility Risk,Volatility and drawdown behavior must stabilize across repeated evidence windows.,"Many plans are High Risk because risk warnings outweigh opportunity evidence, benchmark support is weak, regimes may be unstable, or data and evidence gaps reduce confidence. The ranking identifies what is closest to research tracking without changing those risk statuses.",It is not stronger yet because volatility risk remains unresolved.,Forecast evidence is directionally constructive.,The main blocker is volatility risk. Volatility and drawdown behavior must stabilize across repeated evidence windows.,Volatility and drawdown behavior must stabilize across repeated evidence windows.,"Realized volatility, drawdown, and whether exposure remains controlled.",Recheck after the next target outcome date or saved evidence refresh.,"The main blocker is volatility risk. Volatility and drawdown behavior must stabilize across repeated evidence windows. The opportunity score ranks research closeness, not investment attractiveness.","Later evidence becomes more consistent, clears its blocker, and supports closer paper research.",Warnings persist or strengthen while forecast and benchmark evidence deteriorate.,"Keep it visible for diagnosis, but do not elevate it while severe warnings dominate."
Silver,20,High Risk,Moderate,Risk warnings dominate the current research evidence.,"One or more severe probability, drawdown, or evidence warnings are active.",The observed research edge may not survive adverse conditions.,"Drawdown, probability reliability, and benchmark deterioration.",Do not elevate while severe risk warnings remain active.,Keep excluded if drawdown or probability warnings remain severe.,At the target outcome date or after the next saved evidence refresh.,Current,61.86,"High Risk: Risk warnings dominate the current research evidence. Watch drawdown, probability reliability, and benchmark deterioration. Recheck at the target outcome date or after the next saved evidence refresh.","3294 evidence row(s); strength 61.9/100; metrics: AffectedRows, ArtifactEvidence, AssetsWithProxyEdge, BestHorizon, BestPolicyOutOfSample, BestPolicyReturnPct, CandidatesTested, Count.",DataFreshness; active_paper_signals_table; allocation_plan_table; artifact_input_source_table; asset_benchmark_table; asset_horizon_benchmark_table; asset_horizon_forward_coverage; asset_horizon_raw_coverage; asset_horizon_regime_table; asset_horizon_risk_matrix; asset_regime_table; benchmark_comparison,False,35.35,D,12,Medium,Volatility Risk,Volatility and drawdown behavior must stabilize across repeated evidence windows.,"Many plans are High Risk because risk warnings outweigh opportunity evidence, benchmark support is weak, regimes may be unstable, or data and evidence gaps reduce confidence. The ranking identifies what is closest to research tracking without changing those risk statuses.",It is not stronger yet because volatility risk remains unresolved.,Forecast evidence is directionally constructive.,The main blocker is volatility risk. Volatility and drawdown behavior must stabilize across repeated evidence windows.,Volatility and drawdown behavior must stabilize across repeated evidence windows.,"Realized volatility, drawdown, and whether exposure remains controlled.",Recheck after the next target outcome date or saved evidence refresh.,"The main blocker is volatility risk. Volatility and drawdown behavior must stabilize across repeated evidence windows. The opportunity score ranks research closeness, not investment attractiveness.","Later evidence becomes more consistent, clears its blocker, and supports closer paper research.",Warnings persist or strengthen while forecast and benchmark evidence deteriorate.,"Keep it visible for diagnosis, but do not elevate it while severe warnings dominate."
Silver,30,High Risk,Moderate,Risk warnings dominate the current research evidence.,"One or more severe probability, drawdown, or evidence warnings are active.",The observed research edge may not survive adverse conditions.,"Drawdown, probability reliability, and benchmark deterioration.",Do not elevate while severe risk warnings remain active.,Keep excluded if drawdown or probability warnings remain severe.,At the target outcome date or after the next saved evidence refresh.,Current,59.79,"High Risk: Risk warnings dominate the current research evidence. Watch drawdown, probability reliability, and benchmark deterioration. Recheck at the target outcome date or after the next saved evidence refresh.","3286 evidence row(s); strength 59.8/100; metrics: AffectedRows, ArtifactEvidence, AssetsWithProxyEdge, BestHorizon, BestPolicyOutOfSample, BestPolicyReturnPct, CandidatesTested, Count.",DataFreshness; active_paper_signals_table; allocation_plan_table; artifact_input_source_table; asset_benchmark_table; asset_horizon_benchmark_table; asset_horizon_forward_coverage; asset_horizon_raw_coverage; asset_horizon_regime_table; asset_horizon_risk_matrix; asset_regime_table; benchmark_comparison,False,34.07,F,17,Low,Volatility Risk,Volatility and drawdown behavior must stabilize across repeated evidence windows.,"Many plans are High Risk because risk warnings outweigh opportunity evidence, benchmark support is weak, regimes may be unstable, or data and evidence gaps reduce confidence. The ranking identifies what is closest to research tracking without changing those risk statuses.",It is not stronger yet because volatility risk remains unresolved.,Forecast evidence is directionally constructive.,The main blocker is volatility risk. Volatility and drawdown behavior must stabilize across repeated evidence windows.,Volatility and drawdown behavior must stabilize across repeated evidence windows.,"Realized volatility, drawdown, and whether exposure remains controlled.",Recheck after the next target outcome date or saved evidence refresh.,"The main blocker is volatility risk. Volatility and drawdown behavior must stabilize across repeated evidence windows. The opportunity score ranks research closeness, not investment attractiveness.","Later evidence becomes more consistent, clears its blocker, and supports closer paper research.",Warnings persist or strengthen while forecast and benchmark evidence deteriorate.,"Keep it visible for diagnosis, but do not elevate it while severe warnings dominate."
Crude Oil,1,High Risk,Moderate,Risk warnings dominate the current research evidence.,"One or more severe probability, drawdown, or evidence warnings are active.",The observed research edge may not survive adverse conditions.,"Drawdown, probability reliability, and benchmark deterioration.",Do not elevate while severe risk warnings remain active.,Keep excluded if drawdown or probability warnings remain severe.,At the target outcome date or after the next saved evidence refresh.,Current,61.39,"High Risk: Risk warnings dominate the current research evidence. Watch drawdown, probability reliability, and benchmark deterioration. Recheck at the target outcome date or after the next saved evidence refresh.","3475 evidence row(s); strength 61.4/100; metrics: AffectedRows, ArtifactEvidence, AssetsWithProxyEdge, BestHorizon, BestPolicyOutOfSample, BestPolicyReturnPct, CandidatesTested, Count.",DataFreshness; active_paper_signals_table; allocation_plan_table; artifact_input_source_table; asset_benchmark_table; asset_horizon_benchmark_table; asset_horizon_forward_coverage; asset_horizon_raw_coverage; asset_horizon_regime_table; asset_horizon_risk_matrix; asset_regime_table; benchmark_comparison,False,35.06,D,14,Medium,Volatility Risk,Volatility and drawdown behavior must stabilize across repeated evidence windows.,"Many plans are High Risk because risk warnings outweigh opportunity evidence, benchmark support is weak, regimes may be unstable, or data and evidence gaps reduce confidence. The ranking identifies what is closest to research tracking without changing those risk statuses.",It is not stronger yet because volatility risk remains unresolved.,Forecast evidence is directionally constructive.,The main blocker is volatility risk. Volatility and drawdown behavior must stabilize across repeated evidence windows.,Volatility and drawdown behavior must stabilize across repeated evidence windows.,"Realized volatility, drawdown, and whether exposure remains controlled.",Recheck after the next target outcome date or saved evidence refresh.,"The main blocker is volatility risk. Volatility and drawdown behavior must stabilize across repeated evidence windows. The opportunity score ranks research closeness, not investment attractiveness.","Later evidence becomes more consistent, clears its blocker, and supports closer paper research.",Warnings persist or strengthen while forecast and benchmark evidence deteriorate.,"Keep it visible for diagnosis, but do not elevate it while severe warnings dominate."
Crude Oil,5,High Risk,Moderate,Risk warnings dominate the current research evidence.,"One or more severe probability, drawdown, or evidence warnings are active.",The observed research edge may not survive adverse conditions.,"Drawdown, probability reliability, and benchmark deterioration.",Do not elevate while severe risk warnings remain active.,Keep excluded if drawdown or probability warnings remain severe.,At the target outcome date or after the next saved evidence refresh.,Current,54.19,"High Risk: Risk warnings dominate the current research evidence. Watch drawdown, probability reliability, and benchmark deterioration. Recheck at the target outcome date or after the next saved evidence refresh.","3444 evidence row(s); strength 54.2/100; metrics: AffectedRows, ArtifactEvidence, AssetsWithProxyEdge, BestHorizon, BestPolicyOutOfSample, BestPolicyReturnPct, CandidatesTested, Count.",DataFreshness; active_paper_signals_table; allocation_plan_table; artifact_input_source_table; asset_benchmark_table; asset_horizon_benchmark_table; asset_horizon_forward_coverage; asset_horizon_raw_coverage; asset_horizon_regime_table; asset_horizon_risk_matrix; asset_regime_table; benchmark_comparison,False,30.6,F,26,Low,Volatility Risk,Volatility and drawdown behavior must stabilize across repeated evidence windows.,"Many plans are High Risk because risk warnings outweigh opportunity evidence, benchmark support is weak, regimes may be unstable, or data and evidence gaps reduce confidence. The ranking identifies what is closest to research tracking without changing those risk statuses.",It is not stronger yet because volatility risk remains unresolved.,Forecast evidence is directionally constructive.,The main blocker is volatility risk. Volatility and drawdown behavior must stabilize across repeated evidence windows.,Volatility and drawdown behavior must stabilize across repeated evidence windows.,"Realized volatility, drawdown, and whether exposure remains controlled.",Recheck after the next target outcome date or saved evidence refresh.,"The main blocker is volatility risk. Volatility and drawdown behavior must stabilize across repeated evidence windows. The opportunity score ranks research closeness, not investment attractiveness.","Later evidence becomes more consistent, clears its blocker, and supports closer paper research.",Warnings persist or strengthen while forecast and benchmark evidence deteriorate.,"Keep it visible for diagnosis, but do not elevate it while severe warnings dominate."
Crude Oil,10,High Risk,Moderate,Risk warnings dominate the current research evidence.,"One or more severe probability, drawdown, or evidence warnings are active.",The observed research edge may not survive adverse conditions.,"Drawdown, probability reliability, and benchmark deterioration.",Do not elevate while severe risk warnings remain active.,Keep excluded if drawdown or probability warnings remain severe.,At the target outcome date or after the next saved evidence refresh.,Current,59.76,"High Risk: Risk warnings dominate the current research evidence. Watch drawdown, probability reliability, and benchmark deterioration. Recheck at the target outcome date or after the next saved evidence refresh.","3205 evidence row(s); strength 59.8/100; metrics: AffectedRows, ArtifactEvidence, AssetsWithProxyEdge, BestHorizon, BestPolicyOutOfSample, BestPolicyReturnPct, CandidatesTested, Count.",DataFreshness; active_paper_signals_table; allocation_plan_table; artifact_input_source_table; asset_benchmark_table; asset_horizon_benchmark_table; asset_horizon_forward_coverage; asset_horizon_raw_coverage; asset_horizon_regime_table; asset_horizon_risk_matrix; asset_regime_table; benchmark_comparison,False,34.05,F,18,Low,Volatility Risk,Volatility and drawdown behavior must stabilize across repeated evidence windows.,"Many plans are High Risk because risk warnings outweigh opportunity evidence, benchmark support is weak, regimes may be unstable, or data and evidence gaps reduce confidence. The ranking identifies what is closest to research tracking without changing those risk statuses.",It is not stronger yet because volatility risk remains unresolved.,Forecast evidence is directionally constructive.,The main blocker is volatility risk. Volatility and drawdown behavior must stabilize across repeated evidence windows.,Volatility and drawdown behavior must stabilize across repeated evidence windows.,"Realized volatility, drawdown, and whether exposure remains controlled.",Recheck after the next target outcome date or saved evidence refresh.,"The main blocker is volatility risk. Volatility and drawdown behavior must stabilize across repeated evidence windows. The opportunity score ranks research closeness, not investment attractiveness.","Later evidence becomes more consistent, clears its blocker, and supports closer paper research.",Warnings persist or strengthen while forecast and benchmark evidence deteriorate.,"Keep it visible for diagnosis, but do not elevate it while severe warnings dominate."
Crude Oil,20,High Risk,Moderate,Risk warnings dominate the current research evidence.,"One or more severe probability, drawdown, or evidence warnings are active.",The observed research edge may not survive adverse conditions.,"Drawdown, probability reliability, and benchmark deterioration.",Do not elevate while severe risk warnings remain active.,Keep excluded if drawdown or probability warnings remain severe.,At the target outcome date or after the next saved evidence refresh.,Current,63.32,"High Risk: Risk warnings dominate the current research evidence. Watch drawdown, probability reliability, and benchmark deterioration. Recheck at the target outcome date or after the next saved evidence refresh.","3283 evidence row(s); strength 63.3/100; metrics: AffectedRows, ArtifactEvidence, AssetsWithProxyEdge, BestHorizon, BestPolicyOutOfSample, BestPolicyReturnPct, CandidatesTested, Count.",DataFreshness; active_paper_signals_table; allocation_plan_table; artifact_input_source_table; asset_benchmark_table; asset_horizon_benchmark_table; asset_horizon_forward_coverage; asset_horizon_raw_coverage; asset_horizon_regime_table; asset_horizon_risk_matrix; asset_regime_table; benchmark_comparison,False,36.26,D,10,Medium,Volatility Risk,Volatility and drawdown behavior must stabilize across repeated evidence windows.,"Many plans are High Risk because risk warnings outweigh opportunity evidence, benchmark support is weak, regimes may be unstable, or data and evidence gaps reduce confidence. The ranking identifies what is closest to research tracking without changing those risk statuses.",It is not stronger yet because volatility risk remains unresolved.,Forecast evidence is directionally constructive.,The main blocker is volatility risk. Volatility and drawdown behavior must stabilize across repeated evidence windows.,Volatility and drawdown behavior must stabilize across repeated evidence windows.,"Realized volatility, drawdown, and whether exposure remains controlled.",Recheck after the next target outcome date or saved evidence refresh.,"The main blocker is volatility risk. Volatility and drawdown behavior must stabilize across repeated evidence windows. The opportunity score ranks research closeness, not investment attractiveness.","Later evidence becomes more consistent, clears its blocker, and supports closer paper research.",Warnings persist or strengthen while forecast and benchmark evidence deteriorate.,"Keep it visible for diagnosis, but do not elevate it while severe warnings dominate."
Crude Oil,30,High Risk,Higher,Risk warnings dominate the current research evidence.,"One or more severe probability, drawdown, or evidence warnings are active.",The observed research edge may not survive adverse conditions.,"Drawdown, probability reliability, and benchmark deterioration.",Do not elevate while severe risk warnings remain active.,Keep excluded if drawdown or probability warnings remain severe.,At the target outcome date or after the next saved evidence refresh.,Current,74.5,"High Risk: Risk warnings dominate the current research evidence. Watch drawdown, probability reliability, and benchmark deterioration. Recheck at the target outcome date or after the next saved evidence refresh.","3391 evidence row(s); strength 74.5/100; metrics: AffectedRows, ArtifactEvidence, AssetsWithProxyEdge, BestHorizon, BestPolicyOutOfSample, BestPolicyReturnPct, CandidatesTested, Count.",DataFreshness; active_paper_signals_table; allocation_plan_table; artifact_input_source_table; asset_benchmark_table; asset_horizon_benchmark_table; asset_horizon_forward_coverage; asset_horizon_raw_coverage; asset_horizon_regime_table; asset_horizon_risk_matrix; asset_regime_table; benchmark_comparison,False,43.19,D,3,Medium,Volatility Risk,Volatility and drawdown behavior must stabilize across repeated evidence windows.,"Many plans are High Risk because risk warnings outweigh opportunity evidence, benchmark support is weak, regimes may be unstable, or data and evidence gaps reduce confidence. The ranking identifies what is closest to research tracking without changing those risk statuses.",It is not stronger yet because volatility risk remains unresolved.,Forecast evidence is directionally constructive. Saved evidence coverage is comparatively stronger.,The main blocker is volatility risk. Volatility and drawdown behavior must stabilize across repeated evidence windows.,Volatility and drawdown behavior must stabilize across repeated evidence windows.,"Realized volatility, drawdown, and whether exposure remains controlled.",Recheck after the next target outcome date or saved evidence refresh.,"The main blocker is volatility risk. Volatility and drawdown behavior must stabilize across repeated evidence windows. The opportunity score ranks research closeness, not investment attractiveness.","Later evidence becomes more consistent, clears its blocker, and supports closer paper research.",Warnings persist or strengthen while forecast and benchmark evidence deteriorate.,"Keep it visible for diagnosis, but do not elevate it while severe warnings dominate."
Bitcoin,1,High Risk,Higher,Risk warnings dominate the current research evidence.,"One or more severe probability, drawdown, or evidence warnings are active.",The observed research edge may not survive adverse conditions.,"Drawdown, probability reliability, and benchmark deterioration.",Do not elevate while severe risk warnings remain active.,Keep excluded if drawdown or probability warnings remain severe.,At the target outcome date or after the next saved evidence refresh.,ExpectedDelay,75.07,"High Risk: Risk warnings dominate the current research evidence. Watch drawdown, probability reliability, and benchmark deterioration. Recheck at the target outcome date or after the next saved evidence refresh.","3142 evidence row(s); strength 75.1/100; metrics: AffectedRows, ArtifactEvidence, AssetsWithProxyEdge, BestHorizon, BestPolicyOutOfSample, BestPolicyReturnPct, CandidatesTested, Count.",DataFreshness; active_paper_signals_table; allocation_plan_table; artifact_input_source_table; asset_benchmark_table; asset_horizon_benchmark_table; asset_horizon_forward_coverage; asset_horizon_raw_coverage; asset_horizon_regime_table; asset_horizon_risk_matrix; asset_regime_table; benchmark_comparison,False,43.54,D,2,Medium,Volatility Risk,Volatility and drawdown behavior must stabilize across repeated evidence windows.,"Many plans are High Risk because risk warnings outweigh opportunity evidence, benchmark support is weak, regimes may be unstable, or data and evidence gaps reduce confidence. The ranking identifies what is closest to research tracking without changing those risk statuses.",It is not stronger yet because volatility risk remains unresolved.,Forecast evidence is directionally constructive. Saved evidence coverage is comparatively stronger.,The main blocker is volatility risk. Volatility and drawdown behavior must stabilize across repeated evidence windows.,Volatility and drawdown behavior must stabilize across repeated evidence windows.,"Realized volatility, drawdown, and whether exposure remains controlled.",Recheck after the next target outcome date or saved evidence refresh.,"The main blocker is volatility risk. Volatility and drawdown behavior must stabilize across repeated evidence windows. The opportunity score ranks research closeness, not investment attractiveness.","Later evidence becomes more consistent, clears its blocker, and supports closer paper research.",Warnings persist or strengthen while forecast and benchmark evidence deteriorate.,"Keep it visible for diagnosis, but do not elevate it while severe warnings dominate."
Bitcoin,5,High Risk,Moderate,Risk warnings dominate the current research evidence.,"One or more severe probability, drawdown, or evidence warnings are active.",The observed research edge may not survive adverse conditions.,"Drawdown, probability reliability, and benchmark deterioration.",Do not elevate while severe risk warnings remain active.,Keep excluded if drawdown or probability warnings remain severe.,At the target outcome date or after the next saved evidence refresh.,ExpectedDelay,54.47,"High Risk: Risk warnings dominate the current research evidence. Watch drawdown, probability reliability, and benchmark deterioration. Recheck at the target outcome date or after the next saved evidence refresh.","3244 evidence row(s); strength 54.5/100; metrics: AffectedRows, ArtifactEvidence, AssetsWithProxyEdge, BestHorizon, BestPolicyOutOfSample, BestPolicyReturnPct, CandidatesTested, Count.",DataFreshness; active_paper_signals_table; allocation_plan_table; artifact_input_source_table; asset_benchmark_table; asset_horizon_benchmark_table; asset_horizon_forward_coverage; asset_horizon_raw_coverage; asset_horizon_regime_table; asset_horizon_risk_matrix; asset_regime_table; benchmark_comparison,False,30.77,F,25,Low,Volatility Risk,Volatility and drawdown behavior must stabilize across repeated evidence windows.,"Many plans are High Risk because risk warnings outweigh opportunity evidence, benchmark support is weak, regimes may be unstable, or data and evidence gaps reduce confidence. The ranking identifies what is closest to research tracking without changing those risk statuses.",It is not stronger yet because volatility risk remains unresolved.,Forecast evidence is directionally constructive.,The main blocker is volatility risk. Volatility and drawdown behavior must stabilize across repeated evidence windows.,Volatility and drawdown behavior must stabilize across repeated evidence windows.,"Realized volatility, drawdown, and whether exposure remains controlled.",Recheck after the next target outcome date or saved evidence refresh.,"The main blocker is volatility risk. Volatility and drawdown behavior must stabilize across repeated evidence windows. The opportunity score ranks research closeness, not investment attractiveness.","Later evidence becomes more consistent, clears its blocker, and supports closer paper research.",Warnings persist or strengthen while forecast and benchmark evidence deteriorate.,"Keep it visible for diagnosis, but do not elevate it while severe warnings dominate."
Bitcoin,10,High Risk,Moderate,Risk warnings dominate the current research evidence.,"One or more severe probability, drawdown, or evidence warnings are active.",The observed research edge may not survive adverse conditions.,"Drawdown, probability reliability, and benchmark deterioration.",Do not elevate while severe risk warnings remain active.,Keep excluded if drawdown or probability warnings remain severe.,At the target outcome date or after the next saved evidence refresh.,ExpectedDelay,51.11,"High Risk: Risk warnings dominate the current research evidence. Watch drawdown, probability reliability, and benchmark deterioration. Recheck at the target outcome date or after the next saved evidence refresh.","3010 evidence row(s); strength 51.1/100; metrics: AffectedRows, ArtifactEvidence, AssetsWithProxyEdge, BestHorizon, BestPolicyOutOfSample, BestPolicyReturnPct, CandidatesTested, Count.",DataFreshness; active_paper_signals_table; allocation_plan_table; artifact_input_source_table; asset_benchmark_table; asset_horizon_benchmark_table; asset_horizon_forward_coverage; asset_horizon_raw_coverage; asset_horizon_regime_table; asset_horizon_risk_matrix; asset_regime_table; benchmark_comparison,False,28.69,F,28,Low,Volatility Risk,Volatility and drawdown behavior must stabilize across repeated evidence windows.,"Many plans are High Risk because risk warnings outweigh opportunity evidence, benchmark support is weak, regimes may be unstable, or data and evidence gaps reduce confidence. The ranking identifies what is closest to research tracking without changing those risk statuses.",It is not stronger yet because volatility risk remains unresolved.,Forecast evidence is directionally constructive.,The main blocker is volatility risk. Volatility and drawdown behavior must stabilize across repeated evidence windows.,Volatility and drawdown behavior must stabilize across repeated evidence windows.,"Realized volatility, drawdown, and whether exposure remains controlled.",Recheck after the next target outcome date or saved evidence refresh.,"The main blocker is volatility risk. Volatility and drawdown behavior must stabilize across repeated evidence windows. The opportunity score ranks research closeness, not investment attractiveness.","Later evidence becomes more consistent, clears its blocker, and supports closer paper research.",Warnings persist or strengthen while forecast and benchmark evidence deteriorate.,"Keep it visible for diagnosis, but do not elevate it while severe warnings dominate."
Bitcoin,20,High Risk,Moderate,Risk warnings dominate the current research evidence.,"One or more severe probability, drawdown, or evidence warnings are active.",The observed research edge may not survive adverse conditions.,"Drawdown, probability reliability, and benchmark deterioration.",Do not elevate while severe risk warnings remain active.,Keep excluded if drawdown or probability warnings remain severe.,At the target outcome date or after the next saved evidence refresh.,ExpectedDelay,58.02,"High Risk: Risk warnings dominate the current research evidence. Watch drawdown, probability reliability, and benchmark deterioration. Recheck at the target outcome date or after the next saved evidence refresh.","3212 evidence row(s); strength 58.0/100; metrics: AffectedRows, ArtifactEvidence, AssetsWithProxyEdge, BestHorizon, BestPolicyOutOfSample, BestPolicyReturnPct, CandidatesTested, Count.",DataFreshness; active_paper_signals_table; allocation_plan_table; artifact_input_source_table; asset_benchmark_table; asset_horizon_benchmark_table; asset_horizon_forward_coverage; asset_horizon_raw_coverage; asset_horizon_regime_table; asset_horizon_risk_matrix; asset_regime_table; benchmark_comparison,False,32.97,F,20,Low,Volatility Risk,Volatility and drawdown behavior must stabilize across repeated evidence windows.,"Many plans are High Risk because risk warnings outweigh opportunity evidence, benchmark support is weak, regimes may be unstable, or data and evidence gaps reduce confidence. The ranking identifies what is closest to research tracking without changing those risk statuses.",It is not stronger yet because volatility risk remains unresolved.,Forecast evidence is directionally constructive.,The main blocker is volatility risk. Volatility and drawdown behavior must stabilize across repeated evidence windows.,Volatility and drawdown behavior must stabilize across repeated evidence windows.,"Realized volatility, drawdown, and whether exposure remains controlled.",Recheck after the next target outcome date or saved evidence refresh.,"The main blocker is volatility risk. Volatility and drawdown behavior must stabilize across repeated evidence windows. The opportunity score ranks research closeness, not investment attractiveness.","Later evidence becomes more consistent, clears its blocker, and supports closer paper research.",Warnings persist or strengthen while forecast and benchmark evidence deteriorate.,"Keep it visible for diagnosis, but do not elevate it while severe warnings dominate."
Bitcoin,30,High Risk,Moderate,Risk warnings dominate the current research evidence.,"One or more severe probability, drawdown, or evidence warnings are active.",The observed research edge may not survive adverse conditions.,"Drawdown, probability reliability, and benchmark deterioration.",Do not elevate while severe risk warnings remain active.,Keep excluded if drawdown or probability warnings remain severe.,At the target outcome date or after the next saved evidence refresh.,ExpectedDelay,55.57,"High Risk: Risk warnings dominate the current research evidence. Watch drawdown, probability reliability, and benchmark deterioration. Recheck at the target outcome date or after the next saved evidence refresh.","3225 evidence row(s); strength 55.6/100; metrics: AffectedRows, ArtifactEvidence, AssetsWithProxyEdge, BestHorizon, BestPolicyOutOfSample, BestPolicyReturnPct, CandidatesTested, Count.",DataFreshness; active_paper_signals_table; allocation_plan_table; artifact_input_source_table; asset_benchmark_table; asset_horizon_benchmark_table; asset_horizon_forward_coverage; asset_horizon_raw_coverage; asset_horizon_regime_table; asset_horizon_risk_matrix; asset_regime_table; benchmark_comparison,False,31.45,F,24,Low,Volatility Risk,Volatility and drawdown behavior must stabilize across repeated evidence windows.,"Many plans are High Risk because risk warnings outweigh opportunity evidence, benchmark support is weak, regimes may be unstable, or data and evidence gaps reduce confidence. The ranking identifies what is closest to research tracking without changing those risk statuses.",It is not stronger yet because volatility risk remains unresolved.,Forecast evidence is directionally constructive.,The main blocker is volatility risk. Volatility and drawdown behavior must stabilize across repeated evidence windows.,Volatility and drawdown behavior must stabilize across repeated evidence windows.,"Realized volatility, drawdown, and whether exposure remains controlled.",Recheck after the next target outcome date or saved evidence refresh.,"The main blocker is volatility risk. Volatility and drawdown behavior must stabilize across repeated evidence windows. The opportunity score ranks research closeness, not investment attractiveness.","Later evidence becomes more consistent, clears its blocker, and supports closer paper research.",Warnings persist or strengthen while forecast and benchmark evidence deteriorate.,"Keep it visible for diagnosis, but do not elevate it while severe warnings dominate."
S&P 500,1,High Risk,Moderate,Risk warnings dominate the current research evidence.,"One or more severe probability, drawdown, or evidence warnings are active.",The observed research edge may not survive adverse conditions.,"Drawdown, probability reliability, and benchmark deterioration.",Do not elevate while severe risk warnings remain active.,Keep excluded if drawdown or probability warnings remain severe.,At the target outcome date or after the next saved evidence refresh.,Current,59.2,"High Risk: Risk warnings dominate the current research evidence. Watch drawdown, probability reliability, and benchmark deterioration. Recheck at the target outcome date or after the next saved evidence refresh.","2461 evidence row(s); strength 59.2/100; metrics: AffectedRows, ArtifactEvidence, AssetsWithProxyEdge, BestHorizon, BestPolicyOutOfSample, BestPolicyReturnPct, CandidatesTested, Count.",DataFreshness; active_paper_signals_table; allocation_plan_table; artifact_input_source_table; asset_benchmark_table; asset_horizon_benchmark_table; asset_horizon_forward_coverage; asset_horizon_raw_coverage; asset_horizon_regime_table; asset_horizon_risk_matrix; asset_regime_table; benchmark_comparison,False,33.7,F,19,Low,Volatility Risk,Volatility and drawdown behavior must stabilize across repeated evidence windows.,"Many plans are High Risk because risk warnings outweigh opportunity evidence, benchmark support is weak, regimes may be unstable, or data and evidence gaps reduce confidence. The ranking identifies what is closest to research tracking without changing those risk statuses.",It is not stronger yet because volatility risk remains unresolved.,Forecast evidence is directionally constructive.,The main blocker is volatility risk. Volatility and drawdown behavior must stabilize across repeated evidence windows.,Volatility and drawdown behavior must stabilize across repeated evidence windows.,"Realized volatility, drawdown, and whether exposure remains controlled.",Recheck after the next target outcome date or saved evidence refresh.,"The main blocker is volatility risk. Volatility and drawdown behavior must stabilize across repeated evidence windows. The opportunity score ranks research closeness, not investment attractiveness.","Later evidence becomes more consistent, clears its blocker, and supports closer paper research.",Warnings persist or strengthen while forecast and benchmark evidence deteriorate.,"Keep it visible for diagnosis, but do not elevate it while severe warnings dominate."
S&P 500,5,High Risk,Moderate,Risk warnings dominate the current research evidence.,"One or more severe probability, drawdown, or evidence warnings are active.",The observed research edge may not survive adverse conditions.,"Drawdown, probability reliability, and benchmark deterioration.",Do not elevate while severe risk warnings remain active.,Keep excluded if drawdown or probability warnings remain severe.,At the target outcome date or after the next saved evidence refresh.,Current,60.83,"High Risk: Risk warnings dominate the current research evidence. Watch drawdown, probability reliability, and benchmark deterioration. Recheck at the target outcome date or after the next saved evidence refresh.","2651 evidence row(s); strength 60.8/100; metrics: AffectedRows, ArtifactEvidence, AssetsWithProxyEdge, BestHorizon, BestPolicyOutOfSample, BestPolicyReturnPct, CandidatesTested, Count.",DataFreshness; active_paper_signals_table; allocation_plan_table; artifact_input_source_table; asset_benchmark_table; asset_horizon_benchmark_table; asset_horizon_forward_coverage; asset_horizon_raw_coverage; asset_horizon_regime_table; asset_horizon_risk_matrix; asset_regime_table; benchmark_comparison,False,34.72,F,15,Low,Volatility Risk,Volatility and drawdown behavior must stabilize across repeated evidence windows.,"Many plans are High Risk because risk warnings outweigh opportunity evidence, benchmark support is weak, regimes may be unstable, or data and evidence gaps reduce confidence. The ranking identifies what is closest to research tracking without changing those risk statuses.",It is not stronger yet because volatility risk remains unresolved.,Forecast evidence is directionally constructive.,The main blocker is volatility risk. Volatility and drawdown behavior must stabilize across repeated evidence windows.,Volatility and drawdown behavior must stabilize across repeated evidence windows.,"Realized volatility, drawdown, and whether exposure remains controlled.",Recheck after the next target outcome date or saved evidence refresh.,"The main blocker is volatility risk. Volatility and drawdown behavior must stabilize across repeated evidence windows. The opportunity score ranks research closeness, not investment attractiveness.","Later evidence becomes more consistent, clears its blocker, and supports closer paper research.",Warnings persist or strengthen while forecast and benchmark evidence deteriorate.,"Keep it visible for diagnosis, but do not elevate it while severe warnings dominate."
S&P 500,10,High Risk,Higher,Risk warnings dominate the current research evidence.,"One or more severe probability, drawdown, or evidence warnings are active.",The observed research edge may not survive adverse conditions.,"Drawdown, probability reliability, and benchmark deterioration.",Do not elevate while severe risk warnings remain active.,Keep excluded if drawdown or probability warnings remain severe.,At the target outcome date or after the next saved evidence refresh.,Current,75.44,"High Risk: Risk warnings dominate the current research evidence. Watch drawdown, probability reliability, and benchmark deterioration. Recheck at the target outcome date or after the next saved evidence refresh.","2554 evidence row(s); strength 75.4/100; metrics: AffectedRows, ArtifactEvidence, AssetsWithProxyEdge, BestHorizon, BestPolicyOutOfSample, BestPolicyReturnPct, CandidatesTested, Count.",DataFreshness; active_paper_signals_table; allocation_plan_table; artifact_input_source_table; asset_benchmark_table; asset_horizon_benchmark_table; asset_horizon_forward_coverage; asset_horizon_raw_coverage; asset_horizon_regime_table; asset_horizon_risk_matrix; asset_regime_table; benchmark_comparison,False,43.77,D,1,Medium,Volatility Risk,Volatility and drawdown behavior must stabilize across repeated evidence windows.,"Many plans are High Risk because risk warnings outweigh opportunity evidence, benchmark support is weak, regimes may be unstable, or data and evidence gaps reduce confidence. The ranking identifies what is closest to research tracking without changing those risk statuses.",It is not stronger yet because volatility risk remains unresolved.,Forecast evidence is directionally constructive. Saved evidence coverage is comparatively stronger.,The main blocker is volatility risk. Volatility and drawdown behavior must stabilize across repeated evidence windows.,Volatility and drawdown behavior must stabilize across repeated evidence windows.,"Realized volatility, drawdown, and whether exposure remains controlled.",Recheck after the next target outcome date or saved evidence refresh.,"The main blocker is volatility risk. Volatility and drawdown behavior must stabilize across repeated evidence windows. The opportunity score ranks research closeness, not investment attractiveness.","Later evidence becomes more consistent, clears its blocker, and supports closer paper research.",Warnings persist or strengthen while forecast and benchmark evidence deteriorate.,"Keep it visible for diagnosis, but do not elevate it while severe warnings dominate."
S&P 500,20,High Risk,Moderate,Risk warnings dominate the current research evidence.,"One or more severe probability, drawdown, or evidence warnings are active.",The observed research edge may not survive adverse conditions.,"Drawdown, probability reliability, and benchmark deterioration.",Do not elevate while severe risk warnings remain active.,Keep excluded if drawdown or probability warnings remain severe.,At the target outcome date or after the next saved evidence refresh.,Current,64.67,"High Risk: Risk warnings dominate the current research evidence. Watch drawdown, probability reliability, and benchmark deterioration. Recheck at the target outcome date or after the next saved evidence refresh.","2540 evidence row(s); strength 64.7/100; metrics: AffectedRows, ArtifactEvidence, AssetsWithProxyEdge, BestHorizon, BestPolicyOutOfSample, BestPolicyReturnPct, CandidatesTested, Count.",DataFreshness; active_paper_signals_table; allocation_plan_table; artifact_input_source_table; asset_benchmark_table; asset_horizon_benchmark_table; asset_horizon_forward_coverage; asset_horizon_raw_coverage; asset_horizon_regime_table; asset_horizon_risk_matrix; asset_regime_table; benchmark_comparison,False,37.09,D,8,Medium,Volatility Risk,Volatility and drawdown behavior must stabilize across repeated evidence windows.,"Many plans are High Risk because risk warnings outweigh opportunity evidence, benchmark support is weak, regimes may be unstable, or data and evidence gaps reduce confidence. The ranking identifies what is closest to research tracking without changing those risk statuses.",It is not stronger yet because volatility risk remains unresolved.,Forecast evidence is directionally constructive.,The main blocker is volatility risk. Volatility and drawdown behavior must stabilize across repeated evidence windows.,Volatility and drawdown behavior must stabilize across repeated evidence windows.,"Realized volatility, drawdown, and whether exposure remains controlled.",Recheck after the next target outcome date or saved evidence refresh.,"The main blocker is volatility risk. Volatility and drawdown behavior must stabilize across repeated evidence windows. The opportunity score ranks research closeness, not investment attractiveness.","Later evidence becomes more consistent, clears its blocker, and supports closer paper research.",Warnings persist or strengthen while forecast and benchmark evidence deteriorate.,"Keep it visible for diagnosis, but do not elevate it while severe warnings dominate."
S&P 500,30,High Risk,Moderate,Risk warnings dominate the current research evidence.,"One or more severe probability, drawdown, or evidence warnings are active.",The observed research edge may not survive adverse conditions.,"Drawdown, probability reliability, and benchmark deterioration.",Do not elevate while severe risk warnings remain active.,Keep excluded if drawdown or probability warnings remain severe.,At the target outcome date or after the next saved evidence refresh.,Current,63.73,"High Risk: Risk warnings dominate the current research evidence. Watch drawdown, probability reliability, and benchmark deterioration. Recheck at the target outcome date or after the next saved evidence refresh.","2378 evidence row(s); strength 63.7/100; metrics: AffectedRows, ArtifactEvidence, AssetsWithProxyEdge, BestHorizon, BestPolicyOutOfSample, BestPolicyReturnPct, CandidatesTested, Count.",DataFreshness; active_paper_signals_table; allocation_plan_table; artifact_input_source_table; asset_benchmark_table; asset_horizon_benchmark_table; asset_horizon_forward_coverage; asset_horizon_raw_coverage; asset_horizon_regime_table; asset_horizon_risk_matrix; asset_regime_table; benchmark_comparison,False,36.51,D,9,Medium,Volatility Risk,Volatility and drawdown behavior must stabilize across repeated evidence windows.,"Many plans are High Risk because risk warnings outweigh opportunity evidence, benchmark support is weak, regimes may be unstable, or data and evidence gaps reduce confidence. The ranking identifies what is closest to research tracking without changing those risk statuses.",It is not stronger yet because volatility risk remains unresolved.,Forecast evidence is directionally constructive.,The main blocker is volatility risk. Volatility and drawdown behavior must stabilize across repeated evidence windows.,Volatility and drawdown behavior must stabilize across repeated evidence windows.,"Realized volatility, drawdown, and whether exposure remains controlled.",Recheck after the next target outcome date or saved evidence refresh.,"The main blocker is volatility risk. Volatility and drawdown behavior must stabilize across repeated evidence windows. The opportunity score ranks research closeness, not investment attractiveness.","Later evidence becomes more consistent, clears its blocker, and supports closer paper research.",Warnings persist or strengthen while forecast and benchmark evidence deteriorate.,"Keep it visible for diagnosis, but do not elevate it while severe warnings dominate."
Gold ETF,1,High Risk,Moderate,Risk warnings dominate the current research evidence.,"One or more severe probability, drawdown, or evidence warnings are active.",The observed research edge may not survive adverse conditions.,"Drawdown, probability reliability, and benchmark deterioration.",Do not elevate while severe risk warnings remain active.,Keep excluded if drawdown or probability warnings remain severe.,At the target outcome date or after the next saved evidence refresh.,Current,52.74,"High Risk: Risk warnings dominate the current research evidence. Watch drawdown, probability reliability, and benchmark deterioration. Recheck at the target outcome date or after the next saved evidence refresh.","3665 evidence row(s); strength 52.7/100; metrics: AffectedRows, ArtifactEvidence, AssetsWithProxyEdge, BestHorizon, BestPolicyOutOfSample, BestPolicyReturnPct, CandidatesTested, Count.",DataFreshness; active_paper_signals_table; allocation_plan_table; artifact_input_source_table; asset_benchmark_table; asset_horizon_benchmark_table; asset_horizon_forward_coverage; asset_horizon_raw_coverage; asset_horizon_regime_table; asset_horizon_risk_matrix; asset_regime_table; benchmark_comparison,False,29.7,F,27,Low,Volatility Risk,Volatility and drawdown behavior must stabilize across repeated evidence windows.,"Many plans are High Risk because risk warnings outweigh opportunity evidence, benchmark support is weak, regimes may be unstable, or data and evidence gaps reduce confidence. The ranking identifies what is closest to research tracking without changing those risk statuses.",It is not stronger yet because volatility risk remains unresolved.,Forecast evidence is directionally constructive.,The main blocker is volatility risk. Volatility and drawdown behavior must stabilize across repeated evidence windows.,Volatility and drawdown behavior must stabilize across repeated evidence windows.,"Realized volatility, drawdown, and whether exposure remains controlled.",Recheck after the next target outcome date or saved evidence refresh.,"The main blocker is volatility risk. Volatility and drawdown behavior must stabilize across repeated evidence windows. The opportunity score ranks research closeness, not investment attractiveness.","Later evidence becomes more consistent, clears its blocker, and supports closer paper research.",Warnings persist or strengthen while forecast and benchmark evidence deteriorate.,"Keep it visible for diagnosis, but do not elevate it while severe warnings dominate."
Gold ETF,5,Data Issue,Moderate,The current evidence cannot be trusted until the data issue is resolved.,"Freshness or core price evidence is missing, stale, or invalid.",Decisions based on incomplete market data can be misleading.,The next complete and validated market-data update.,Resume review only after data validation passes.,"Keep blocked if prices remain missing, stale, or invalid.",At the target outcome date or after the next saved evidence refresh.,Current,54.84,Data Issue: The current evidence cannot be trusted until the data issue is resolved. Watch the next complete and validated market-data update. Recheck at the target outcome date or after the next saved evidence refresh.,"2754 evidence row(s); strength 54.8/100; metrics: AffectedRows, ArtifactEvidence, AssetsWithProxyEdge, BestHorizon, BestPolicyOutOfSample, BestPolicyReturnPct, CandidatesTested, Count.",DataFreshness; active_paper_signals_table; allocation_plan_table; artifact_input_source_table; asset_benchmark_table; asset_horizon_benchmark_table; asset_horizon_forward_coverage; asset_horizon_raw_coverage; asset_horizon_regime_table; asset_horizon_risk_matrix; asset_regime_table; benchmark_comparison,False,20.0,F,30,High,Data Issue,Core price and outcome data must pass validation.,"Many plans are High Risk because risk warnings outweigh opportunity evidence, benchmark support is weak, regimes may be unstable, or data and evidence gaps reduce confidence. The ranking identifies what is closest to research tracking without changing those risk statuses.",It is not stronger yet because data issue remains unresolved.,Forecast evidence is directionally constructive.,The main blocker is data issue. Core price and outcome data must pass validation.,Core price and outcome data must pass validation.,"Price completeness, target dates, and validation warnings.",Recheck after a complete market-data update passes validation.,"The main blocker is data issue. Core price and outcome data must pass validation. The opportunity score ranks research closeness, not investment attractiveness.","Later evidence becomes more consistent, clears its blocker, and supports closer paper research.",Warnings persist or strengthen while forecast and benchmark evidence deteriorate.,Repair and validate the data before interpreting this plan.
Gold ETF,10,High Risk,Moderate,Risk warnings dominate the current research evidence.,"One or more severe probability, drawdown, or evidence warnings are active.",The observed research edge may not survive adverse conditions.,"Drawdown, probability reliability, and benchmark deterioration.",Do not elevate while severe risk warnings remain active.,Keep excluded if drawdown or probability warnings remain severe.,At the target outcome date or after the next saved evidence refresh.,Current,63.12,"High Risk: Risk warnings dominate the current research evidence. Watch drawdown, probability reliability, and benchmark deterioration. Recheck at the target outcome date or after the next saved evidence refresh.","2533 evidence row(s); strength 63.1/100; metrics: AffectedRows, ArtifactEvidence, AssetsWithProxyEdge, BestHorizon, BestPolicyOutOfSample, BestPolicyReturnPct, CandidatesTested, Count.",DataFreshness; active_paper_signals_table; allocation_plan_table; artifact_input_source_table; asset_benchmark_table; asset_horizon_benchmark_table; asset_horizon_forward_coverage; asset_horizon_raw_coverage; asset_horizon_regime_table; asset_horizon_risk_matrix; asset_regime_table; benchmark_comparison,False,36.13,D,11,Medium,Volatility Risk,Volatility and drawdown behavior must stabilize across repeated evidence windows.,"Many plans are High Risk because risk warnings outweigh opportunity evidence, benchmark support is weak, regimes may be unstable, or data and evidence gaps reduce confidence. The ranking identifies what is closest to research tracking without changing those risk statuses.",It is not stronger yet because volatility risk remains unresolved.,Forecast evidence is directionally constructive.,The main blocker is volatility risk. Volatility and drawdown behavior must stabilize across repeated evidence windows.,Volatility and drawdown behavior must stabilize across repeated evidence windows.,"Realized volatility, drawdown, and whether exposure remains controlled.",Recheck after the next target outcome date or saved evidence refresh.,"The main blocker is volatility risk. Volatility and drawdown behavior must stabilize across repeated evidence windows. The opportunity score ranks research closeness, not investment attractiveness.","Later evidence becomes more consistent, clears its blocker, and supports closer paper research.",Warnings persist or strengthen while forecast and benchmark evidence deteriorate.,"Keep it visible for diagnosis, but do not elevate it while severe warnings dominate."
Gold ETF,20,High Risk,Moderate,Risk warnings dominate the current research evidence.,"One or more severe probability, drawdown, or evidence warnings are active.",The observed research edge may not survive adverse conditions.,"Drawdown, probability reliability, and benchmark deterioration.",Do not elevate while severe risk warnings remain active.,Keep excluded if drawdown or probability warnings remain severe.,At the target outcome date or after the next saved evidence refresh.,Current,68.34,"High Risk: Risk warnings dominate the current research evidence. Watch drawdown, probability reliability, and benchmark deterioration. Recheck at the target outcome date or after the next saved evidence refresh.","2492 evidence row(s); strength 68.3/100; metrics: AffectedRows, ArtifactEvidence, AssetsWithProxyEdge, BestHorizon, BestPolicyOutOfSample, BestPolicyReturnPct, CandidatesTested, Count.",DataFreshness; active_paper_signals_table; allocation_plan_table; artifact_input_source_table; asset_benchmark_table; asset_horizon_benchmark_table; asset_horizon_forward_coverage; asset_horizon_raw_coverage; asset_horizon_regime_table; asset_horizon_risk_matrix; asset_regime_table; benchmark_comparison,False,39.37,D,6,Medium,Volatility Risk,Volatility and drawdown behavior must stabilize across repeated evidence windows.,"Many plans are High Risk because risk warnings outweigh opportunity evidence, benchmark support is weak, regimes may be unstable, or data and evidence gaps reduce confidence. The ranking identifies what is closest to research tracking without changing those risk statuses.",It is not stronger yet because volatility risk remains unresolved.,Forecast evidence is directionally constructive. Saved evidence coverage is comparatively stronger.,The main blocker is volatility risk. Volatility and drawdown behavior must stabilize across repeated evidence windows.,Volatility and drawdown behavior must stabilize across repeated evidence windows.,"Realized volatility, drawdown, and whether exposure remains controlled.",Recheck after the next target outcome date or saved evidence refresh.,"The main blocker is volatility risk. Volatility and drawdown behavior must stabilize across repeated evidence windows. The opportunity score ranks research closeness, not investment attractiveness.","Later evidence becomes more consistent, clears its blocker, and supports closer paper research.",Warnings persist or strengthen while forecast and benchmark evidence deteriorate.,"Keep it visible for diagnosis, but do not elevate it while severe warnings dominate."
Gold ETF,30,Data Issue,Higher,The current evidence cannot be trusted until the data issue is resolved.,"Freshness or core price evidence is missing, stale, or invalid.",Decisions based on incomplete market data can be misleading.,The next complete and validated market-data update.,Resume review only after data validation passes.,"Keep blocked if prices remain missing, stale, or invalid.",At the target outcome date or after the next saved evidence refresh.,Current,70.59,Data Issue: The current evidence cannot be trusted until the data issue is resolved. Watch the next complete and validated market-data update. Recheck at the target outcome date or after the next saved evidence refresh.,"2464 evidence row(s); strength 70.6/100; metrics: AffectedRows, ArtifactEvidence, AssetsWithProxyEdge, BestHorizon, BestPolicyOutOfSample, BestPolicyReturnPct, CandidatesTested, Count.",DataFreshness; active_paper_signals_table; allocation_plan_table; artifact_input_source_table; asset_benchmark_table; asset_horizon_benchmark_table; asset_horizon_forward_coverage; asset_horizon_raw_coverage; asset_horizon_regime_table; asset_horizon_risk_matrix; asset_regime_table; benchmark_comparison,False,20.0,F,29,High,Data Issue,Core price and outcome data must pass validation.,"Many plans are High Risk because risk warnings outweigh opportunity evidence, benchmark support is weak, regimes may be unstable, or data and evidence gaps reduce confidence. The ranking identifies what is closest to research tracking without changing those risk statuses.",It is not stronger yet because data issue remains unresolved.,Forecast evidence is directionally constructive. Saved evidence coverage is comparatively stronger.,The main blocker is data issue. Core price and outcome data must pass validation.,Core price and outcome data must pass validation.,"Price completeness, target dates, and validation warnings.",Recheck after a complete market-data update passes validation.,"The main blocker is data issue. Core price and outcome data must pass validation. The opportunity score ranks research closeness, not investment attractiveness.","Later evidence becomes more consistent, clears its blocker, and supports closer paper research.",Warnings persist or strengthen while forecast and benchmark evidence deteriorate.,Repair and validate the data before interpreting this plan.
